{"cameraMode":{"drawMode":0,"name":"Shaded","section":"Shading Mode"},"sceneLighting":false,"audioPlay":false,"sceneViewState":{"m_AlwaysRefresh":false,"showFog":true,"showSkybox":false,"showFlares":true,"showImageEffects":true,"showParticleSystems":true,"showVisualEffectGraphs":true,"m_FxEnabled":true},"in2DMode":false,"pivot":{"x":128.64053344726563,"y":-23.499235153198243,"z":-0.37858712673187258},"rotation":{"x":0.2036709040403366,"y":-0.6435931324958801,"z":0.18369047343730927,"w":0.7146391868591309},"size":25.573423385620118,"orthographic":false}