{"cameraMode":{"drawMode":0,"name":"Shaded","section":"Shading Mode"},"sceneLighting":false,"audioPlay":false,"sceneViewState":{"m_AlwaysRefresh":false,"showFog":true,"showSkybox":false,"showFlares":true,"showImageEffects":true,"showParticleSystems":true,"showVisualEffectGraphs":true,"m_FxEnabled":true},"in2DMode":false,"pivot":{"x":-0.9174637794494629,"y":1.9768732786178589,"z":-0.5427122712135315},"rotation":{"x":0.002666284330189228,"y":0.9975459575653076,"z":-0.04972111061215401,"w":0.050900306552648547},"size":1.7716076374053956,"orthographic":true}