{"cameraMode":{"drawMode":0,"name":"Shaded","section":"Shading Mode"},"sceneLighting":false,"audioPlay":false,"sceneViewState":{"m_AlwaysRefresh":false,"showFog":true,"showSkybox":false,"showFlares":true,"showImageEffects":true,"showParticleSystems":true,"showVisualEffectGraphs":true,"m_FxEnabled":true},"in2DMode":false,"pivot":{"x":15.869989395141602,"y":0.14991624653339387,"z":5.689998626708984},"rotation":{"x":0.07423880696296692,"y":-0.5209665298461914,"z":0.04579399526119232,"w":0.849492609500885},"size":0.15005944669246674,"orthographic":false}